{
  "camera_points": [
    [
      314.0,
      411.0
    ],
    [
      123.0,
      206.0
    ],
    [
      340.0,
      18.0
    ],
    [
      525.0,
      238.0
    ]
  ],
  "screen_points": [
    [
      0.5,
      0.019999999552965164
    ],
    [
      0.9800000190734863,
      0.5
    ],
    [
      0.5,
      0.9800000190734863
    ],
    [
      0.019999999552965164,
      0.5
    ]
  ],
  "homography_matrix": [
    [
      -0.0022631135995998634,
      -0.00024392001306672683,
      1.2648263275299467
    ],
    [
      0.0001613020620987005,
      -0.002391763525157533,
      0.9505242621295293
    ],
    [
      -4.295133977503449e-05,
      -0.00019123653416133667,
      1.0
    ]
  ]
}